Anio;Trimestre;Provincia;Accesos por cada 100 hogares;Dia;Mes
2022;1;Buenos Aires;76.07814661;1;2
2022;1;Capital Federal;111.7978627;1;2
2022;1;Catamarca;58.20635084;1;2
2022;1;Chaco;44.0594801;1;2
2022;1;Chubut;88.05274094;1;2
2022;1;Córdoba;85.75745356;1;2
2022;1;Corrientes;47.64463514;1;2
2022;1;Entre Ríos;63.70090347;1;2
2022;1;Formosa;34.955687;1;2
2022;1;Jujuy;58.06462866;1;2
2022;1;La Pampa;91.66332531;1;2
2022;1;La Rioja;78.77459867;1;2
2022;1;Mendoza;48.73524094;1;2
2022;1;Misiones;49.043342;1;2
2022;1;Neuquén;74.1730551;1;2
2022;1;Río Negro;67.03640755;1;2
2022;1;Salta;56.10759341;1;2
2022;1;San Juan;43.54598161;1;2
2022;1;San Luis;80.72423061;1;2
2022;1;Santa Cruz;43.33842311;1;2
2022;1;Santa Fe;77.30458475;1;2
2022;1;Santiago Del Estero;47.17273839;1;2
2022;1;Tierra Del Fuego;98.29055039;1;2
2022;1;Tucumán;57.39003227;1;2
2021;4;Buenos Aires;75.66410602;1;11
2021;4;Capital Federal;111.2700261;1;11
2021;4;Catamarca;55.25269999;1;11
2021;4;Chaco;44.04856389;1;11
2021;4;Chubut;82.57340064;1;11
2021;4;Córdoba;84.50941853;1;11
2021;4;Corrientes;45.51016103;1;11
2021;4;Entre Ríos;63.15536144;1;11
2021;4;Formosa;34.45457464;1;11
2021;4;Jujuy;56.92107051;1;11
2021;4;La Pampa;89.5673427;1;11
2021;4;La Rioja;77.9234901;1;11
2021;4;Mendoza;47.50531709;1;11
2021;4;Misiones;49.06462073;1;11
2021;4;Neuquén;73.30016254;1;11
2021;4;Río Negro;65.69489961;1;11
2021;4;Salta;56.81442606;1;11
2021;4;San Juan;39.58885186;1;11
2021;4;San Luis;80.29578283;1;11
2021;4;Santa Cruz;43.05121466;1;11
2021;4;Santa Fe;77.08920179;1;11
2021;4;Santiago Del Estero;47.04594919;1;11
2021;4;Tierra Del Fuego;98.40061645;1;11
2021;4;Tucumán;55.92599102;1;11
2021;3;Buenos Aires;71.6821894;1;8
2021;3;Capital Federal;111.2710551;1;8
2021;3;Catamarca;52.70979349;1;8
2021;3;Chaco;42.96241008;1;8
2021;3;Chubut;80.70973848;1;8
2021;3;Córdoba;81.28456655;1;8
2021;3;Corrientes;44.90088313;1;8
2021;3;Entre Ríos;62.17940145;1;8
2021;3;Formosa;33.96203354;1;8
2021;3;Jujuy;55.68926474;1;8
2021;3;La Pampa;84.2799631;1;8
2021;3;La Rioja;77.26016061;1;8
2021;3;Mendoza;45.54828468;1;8
2021;3;Misiones;45.57065366;1;8
2021;3;Neuquén;69.70653345;1;8
2021;3;Río Negro;61.96721311;1;8
2021;3;Salta;55.96427806;1;8
2021;3;San Juan;39.455448;1;8
2021;3;San Luis;79.87043349;1;8
2021;3;Santa Cruz;43.74732028;1;8
2021;3;Santa Fe;75.01704763;1;8
2021;3;Santiago Del Estero;47;1;8
2021;3;Tierra Del Fuego;94.95386826;1;8
2021;3;Tucumán;54.63604486;1;8
2021;2;Buenos Aires;70.00330336;1;5
2021;2;Capital Federal;110.144402;1;5
2021;2;Catamarca;52.34030966;1;5
2021;2;Chaco;43.32762729;1;5
2021;2;Chubut;72.29410482;1;5
2021;2;Córdoba;80.11518796;1;5
2021;2;Corrientes;43.54116373;1;5
2021;2;Entre Ríos;61.66026446;1;5
2021;2;Formosa;33.22548419;1;5
2021;2;Jujuy;56.18215701;1;5
2021;2;La Pampa;82.08000672;1;5
2021;2;La Rioja;76.97866159;1;5
2021;2;Mendoza;40.97324183;1;5
2021;2;Misiones;45.01281131;1;5
2021;2;Neuquén;69.14021085;1;5
2021;2;Río Negro;61.94204057;1;5
2021;2;Salta;54.93009017;1;5
2021;2;San Juan;39.2840257;1;5
2021;2;San Luis;83.4781072;1;5
2021;2;Santa Cruz;44.01491666;1;5
2021;2;Santa Fe;75.06878626;1;5
2021;2;Santiago Del Estero;46.55727536;1;5
2021;2;Tierra Del Fuego;67.88580775;1;5
2021;2;Tucumán;54.92819651;1;5
2021;1;Buenos Aires;69.10524076;1;2
2021;1;Capital Federal;108.4199392;1;2
2021;1;Catamarca;48.89909293;1;2
2021;1;Chaco;43.13649242;1;2
2021;1;Chubut;68.99428089;1;2
2021;1;Córdoba;78.59028062;1;2
2021;1;Corrientes;42.66412844;1;2
2021;1;Entre Ríos;60.43944973;1;2
2021;1;Formosa;32.73295576;1;2
2021;1;Jujuy;55.6324479;1;2
2021;1;La Pampa;81.77676346;1;2
2021;1;La Rioja;49.80693519;1;2
2021;1;Mendoza;39.15366153;1;2
2021;1;Misiones;43.17243891;1;2
2021;1;Neuquén;66.84208942;1;2
2021;1;Río Negro;60.8792403;1;2
2021;1;Salta;53.93001926;1;2
2021;1;San Juan;39.05519434;1;2
2021;1;San Luis;81.23730177;1;2
2021;1;Santa Cruz;41.64783104;1;2
2021;1;Santa Fe;73.91656407;1;2
2021;1;Santiago Del Estero;45.67308282;1;2
2021;1;Tierra Del Fuego;77.34935609;1;2
2021;1;Tucumán;54.81892254;1;2
2020;4;Buenos Aires;68.9770222;1;11
2020;4;Capital Federal;108.3110749;1;11
2020;4;Catamarca;49.40688355;1;11
2020;4;Chaco;43.03078865;1;11
2020;4;Chubut;68.35189916;1;11
2020;4;Córdoba;78.07960876;1;11
2020;4;Corrientes;42.42828395;1;11
2020;4;Entre Ríos;59.47430676;1;11
2020;4;Formosa;32.48738191;1;11
2020;4;Jujuy;53.45659123;1;11
2020;4;La Pampa;81.76793249;1;11
2020;4;La Rioja;50.11061212;1;11
2020;4;Mendoza;38.62957896;1;11
2020;4;Misiones;42.64411416;1;11
2020;4;Neuquén;67.00234522;1;11
2020;4;Río Negro;61.08861548;1;11
2020;4;Salta;54.042752;1;11
2020;4;San Juan;36.32088216;1;11
2020;4;San Luis;81.67947806;1;11
2020;4;Santa Cruz;36.99957246;1;11
2020;4;Santa Fe;73.58073807;1;11
2020;4;Santiago Del Estero;43.74925662;1;11
2020;4;Tierra Del Fuego;76.26583497;1;11
2020;4;Tucumán;54.78340441;1;11
2020;3;Buenos Aires;67.65618983;1;8
2020;3;Capital Federal;107.6759012;1;8
2020;3;Catamarca;47.15709898;1;8
2020;3;Chaco;41.54192058;1;8
2020;3;Chubut;68.34389816;1;8
2020;3;Córdoba;75.22035724;1;8
2020;3;Corrientes;41.75074947;1;8
2020;3;Entre Ríos;58.19016409;1;8
2020;3;Formosa;31.90562331;1;8
2020;3;Jujuy;54.04441924;1;8
2020;3;La Pampa;79.26447707;1;8
2020;3;La Rioja;50.11811324;1;8
2020;3;Mendoza;37.34863314;1;8
2020;3;Misiones;41.60448629;1;8
2020;3;Neuquén;65.24417026;1;8
2020;3;Río Negro;57.05240592;1;8
2020;3;Salta;52.31571213;1;8
2020;3;San Juan;38.78995525;1;8
2020;3;San Luis;79.96172209;1;8
2020;3;Santa Cruz;35.95152891;1;8
2020;3;Santa Fe;72.12060247;1;8
2020;3;Santiago Del Estero;43.37593132;1;8
2020;3;Tierra Del Fuego;76.80909584;1;8
2020;3;Tucumán;53.22814951;1;8
2020;2;Buenos Aires;65.22058014;1;5
2020;2;Capital Federal;106.414806;1;5
2020;2;Catamarca;45.43181818;1;5
2020;2;Chaco;39.83250279;1;5
2020;2;Chubut;57.34461339;1;5
2020;2;Córdoba;72.71358531;1;5
2020;2;Corrientes;40.30476268;1;5
2020;2;Entre Ríos;56.53865474;1;5
2020;2;Formosa;31.13943623;1;5
2020;2;Jujuy;47.88781023;1;5
2020;2;La Pampa;76.10158289;1;5
2020;2;La Rioja;49.83993502;1;5
2020;2;Mendoza;36.25224342;1;5
2020;2;Misiones;40.88779601;1;5
2020;2;Neuquén;63.89846903;1;5
2020;2;Río Negro;56.36933525;1;5
2020;2;Salta;51.58158335;1;5
2020;2;San Juan;35.09485776;1;5
2020;2;San Luis;78.40967735;1;5
2020;2;Santa Cruz;35.79262397;1;5
2020;2;Santa Fe;70.00216864;1;5
2020;2;Santiago Del Estero;43.46716682;1;5
2020;2;Tierra Del Fuego;76.36948261;1;5
2020;2;Tucumán;51.78074091;1;5
2020;1;Buenos Aires;64.32563102;1;2
2020;1;Capital Federal;105.9801741;1;2
2020;1;Catamarca;37.61542769;1;2
2020;1;Chaco;37.48383337;1;2
2020;1;Chubut;51.26848942;1;2
2020;1;Córdoba;70.68807443;1;2
2020;1;Corrientes;38.72907994;1;2
2020;1;Entre Ríos;56.12006051;1;2
2020;1;Formosa;30.22830396;1;2
2020;1;Jujuy;46.67023064;1;2
2020;1;La Pampa;75.76678781;1;2
2020;1;La Rioja;46.34663138;1;2
2020;1;Mendoza;33.1420767;1;2
2020;1;Misiones;39.01834755;1;2
2020;1;Neuquén;61.84749362;1;2
2020;1;Río Negro;55.11566866;1;2
2020;1;Salta;49.59568027;1;2
2020;1;San Juan;32.39229214;1;2
2020;1;San Luis;76.30854185;1;2
2020;1;Santa Cruz;35.97427629;1;2
2020;1;Santa Fe;69.5235794;1;2
2020;1;Santiago Del Estero;42.46635919;1;2
2020;1;Tierra Del Fuego;76.06964979;1;2
2020;1;Tucumán;47.84792326;1;2
2019;4;Buenos Aires;64.25205288;1;11
2019;4;Capital Federal;106.2454675;1;11
2019;4;Catamarca;36.43842913;1;11
2019;4;Chaco;36.83547863;1;11
2019;4;Chubut;51.14501786;1;11
2019;4;Córdoba;70.48295566;1;11
2019;4;Corrientes;38.76744099;1;11
2019;4;Entre Ríos;57.99221692;1;11
2019;4;Formosa;30.47131348;1;11
2019;4;Jujuy;45.37754633;1;11
2019;4;La Pampa;76.92418969;1;11
2019;4;La Rioja;47.13589011;1;11
2019;4;Mendoza;33.64903072;1;11
2019;4;Misiones;39.78923684;1;11
2019;4;Neuquén;59.35590093;1;11
2019;4;Río Negro;55.70500968;1;11
2019;4;Salta;50.35463892;1;11
2019;4;San Juan;32.85497573;1;11
2019;4;San Luis;74.92002603;1;11
2019;4;Santa Cruz;36.71136309;1;11
2019;4;Santa Fe;69.48235726;1;11
2019;4;Santiago Del Estero;42.92077382;1;11
2019;4;Tierra Del Fuego;79.69536136;1;11
2019;4;Tucumán;47.64902013;1;11
2019;3;Buenos Aires;69.35630106;1;8
2019;3;Capital Federal;112.6453878;1;8
2019;3;Catamarca;30.88361453;1;8
2019;3;Chaco;35.84603098;1;8
2019;3;Chubut;47.56624162;1;8
2019;3;Córdoba;68.59234901;1;8
2019;3;Corrientes;38.48535114;1;8
2019;3;Entre Ríos;57.90009946;1;8
2019;3;Formosa;30.112433;1;8
2019;3;Jujuy;44.32248684;1;8
2019;3;La Pampa;77.45269423;1;8
2019;3;La Rioja;47.94290512;1;8
2019;3;Mendoza;40.73714259;1;8
2019;3;Misiones;39.33292987;1;8
2019;3;Neuquén;64.13887269;1;8
2019;3;Río Negro;63.42470089;1;8
2019;3;Salta;44.47617792;1;8
2019;3;San Juan;37.06231304;1;8
2019;3;San Luis;85.22608877;1;8
2019;3;Santa Cruz;35.62816098;1;8
2019;3;Santa Fe;68.87178058;1;8
2019;3;Santiago Del Estero;55.30391147;1;8
2019;3;Tierra Del Fuego;96.46210963;1;8
2019;3;Tucumán;39.4876002;1;8
2019;2;Buenos Aires;67.84713982;1;5
2019;2;Capital Federal;110.545567;1;5
2019;2;Catamarca;32.13095022;1;5
2019;2;Chaco;34.14026098;1;5
2019;2;Chubut;46.98798414;1;5
2019;2;Córdoba;68.07130939;1;5
2019;2;Corrientes;38.15558588;1;5
2019;2;Entre Ríos;57.47823459;1;5
2019;2;Formosa;30.41823601;1;5
2019;2;Jujuy;44.51192279;1;5
2019;2;La Pampa;77.0831375;1;5
2019;2;La Rioja;48.70493914;1;5
2019;2;Mendoza;40.75462424;1;5
2019;2;Misiones;39.14612554;1;5
2019;2;Neuquén;63.08096433;1;5
2019;2;Río Negro;61.0942075;1;5
2019;2;Salta;41.89319832;1;5
2019;2;San Juan;35.59971734;1;5
2019;2;San Luis;81.78999443;1;5
2019;2;Santa Cruz;28.84606306;1;5
2019;2;Santa Fe;67.42291993;1;5
2019;2;Santiago Del Estero;52.78997126;1;5
2019;2;Tierra Del Fuego;94.79803428;1;5
2019;2;Tucumán;40.13604621;1;5
2019;1;Buenos Aires;66.24255523;1;2
2019;1;Capital Federal;109.1961646;1;2
2019;1;Catamarca;32.19048896;1;2
2019;1;Chaco;32.63587658;1;2
2019;1;Chubut;42.99773634;1;2
2019;1;Córdoba;65.51738408;1;2
2019;1;Corrientes;35.13498689;1;2
2019;1;Entre Ríos;56.78815996;1;2
2019;1;Formosa;29.67769463;1;2
2019;1;Jujuy;46.40843874;1;2
2019;1;La Pampa;76.35457434;1;2
2019;1;La Rioja;50.18458788;1;2
2019;1;Mendoza;37.65716497;1;2
2019;1;Misiones;36.25716827;1;2
2019;1;Neuquén;58.87800433;1;2
2019;1;Río Negro;53.57164978;1;2
2019;1;Salta;40.09834442;1;2
2019;1;San Juan;31.83305805;1;2
2019;1;San Luis;67.3379374;1;2
2019;1;Santa Cruz;23.667655;1;2
2019;1;Santa Fe;66.97409095;1;2
2019;1;Santiago Del Estero;37.51941675;1;2
2019;1;Tierra Del Fuego;93.37581923;1;2
2019;1;Tucumán;41.63074443;1;2
2018;4;Buenos Aires;64.60284663;1;11
2018;4;Capital Federal;108.27315;1;11
2018;4;Catamarca;32.22534617;1;11
2018;4;Chaco;32.59096088;1;11
2018;4;Chubut;42.6109361;1;11
2018;4;Córdoba;65.08926459;1;11
2018;4;Corrientes;34.56627657;1;11
2018;4;Entre Ríos;54.37477349;1;11
2018;4;Formosa;29.73653916;1;11
2018;4;Jujuy;46.53226639;1;11
2018;4;La Pampa;73.49404828;1;11
2018;4;La Rioja;50.34799392;1;11
2018;4;Mendoza;37.75778385;1;11
2018;4;Misiones;34.45074888;1;11
2018;4;Neuquén;59.06916927;1;11
2018;4;Río Negro;51.86140345;1;11
2018;4;Salta;39.80161007;1;11
2018;4;San Juan;31.89625207;1;11
2018;4;San Luis;67.5504537;1;11
2018;4;Santa Cruz;23.6891941;1;11
2018;4;Santa Fe;65.58706886;1;11
2018;4;Santiago Del Estero;37.40072595;1;11
2018;4;Tierra Del Fuego;93.59257086;1;11
2018;4;Tucumán;41.75796964;1;11
2018;3;Buenos Aires;64.4405676;1;8
2018;3;Capital Federal;108.4459141;1;8
2018;3;Catamarca;32.91594537;1;8
2018;3;Chaco;32.28310083;1;8
2018;3;Chubut;56.39174585;1;8
2018;3;Córdoba;64.24210026;1;8
2018;3;Corrientes;34.24993887;1;8
2018;3;Entre Ríos;50.22201386;1;8
2018;3;Formosa;29.57657343;1;8
2018;3;Jujuy;23.26370014;1;8
2018;3;La Pampa;71.75023652;1;8
2018;3;La Rioja;50.73304318;1;8
2018;3;Mendoza;37.99059727;1;8
2018;3;Misiones;32.10366642;1;8
2018;3;Neuquén;60.48661674;1;8
2018;3;Río Negro;50.54264809;1;8
2018;3;Salta;39.42741342;1;8
2018;3;San Juan;33.0514165;1;8
2018;3;San Luis;52.35311498;1;8
2018;3;Santa Cruz;32.72785029;1;8
2018;3;Santa Fe;63.40961462;1;8
2018;3;Santiago Del Estero;36.24961698;1;8
2018;3;Tierra Del Fuego;92.77191839;1;8
2018;3;Tucumán;41.6810136;1;8
2018;2;Buenos Aires;62.78226651;1;5
2018;2;Capital Federal;106.5349413;1;5
2018;2;Catamarca;32.85750087;1;5
2018;2;Chaco;31.251705;1;5
2018;2;Chubut;54.90230334;1;5
2018;2;Córdoba;63.27436612;1;5
2018;2;Corrientes;33.80975391;1;5
2018;2;Entre Ríos;49.20261187;1;5
2018;2;Formosa;29.43422652;1;5
2018;2;Jujuy;23.43220273;1;5
2018;2;La Pampa;71.04033787;1;5
2018;2;La Rioja;50.97789074;1;5
2018;2;Mendoza;36.97287272;1;5
2018;2;Misiones;31.63090768;1;5
2018;2;Neuquén;60.23679161;1;5
2018;2;Río Negro;50.14789462;1;5
2018;2;Salta;39.9371921;1;5
2018;2;San Juan;32.94664885;1;5
2018;2;San Luis;15.15042449;1;5
2018;2;Santa Cruz;33.33236451;1;5
2018;2;Santa Fe;62.5707924;1;5
2018;2;Santiago Del Estero;35.25646421;1;5
2018;2;Tierra Del Fuego;91.6051963;1;5
2018;2;Tucumán;41.51256317;1;5
2018;1;Buenos Aires;62.62621166;1;2
2018;1;Capital Federal;106.2356717;1;2
2018;1;Catamarca;32.79361614;1;2
2018;1;Chaco;30.82992765;1;2
2018;1;Chubut;53.71560488;1;2
2018;1;Córdoba;63.51716965;1;2
2018;1;Corrientes;32.66346087;1;2
2018;1;Entre Ríos;48.68120242;1;2
2018;1;Formosa;21.40431026;1;2
2018;1;Jujuy;23.12126088;1;2
2018;1;La Pampa;71.75163692;1;2
2018;1;La Rioja;51.44351011;1;2
2018;1;Mendoza;37.0721511;1;2
2018;1;Misiones;30.95673588;1;2
2018;1;Neuquén;61.51739035;1;2
2018;1;Río Negro;49.81686131;1;2
2018;1;Salta;39.77559163;1;2
2018;1;San Juan;32.60917745;1;2
2018;1;San Luis;15.14879035;1;2
2018;1;Santa Cruz;33.5527599;1;2
2018;1;Santa Fe;62.28199844;1;2
2018;1;Santiago Del Estero;34.98826945;1;2
2018;1;Tierra Del Fuego;65.19963702;1;2
2018;1;Tucumán;41.17600939;1;2
2017;4;Buenos Aires;57.60961529;1;11
2017;4;Capital Federal;122.8974242;1;11
2017;4;Catamarca;28.62095009;1;11
2017;4;Chaco;30.80815811;1;11
2017;4;Chubut;51.46309627;1;11
2017;4;Córdoba;63.33262565;1;11
2017;4;Corrientes;32.51511831;1;11
2017;4;Entre Ríos;47.88524529;1;11
2017;4;Formosa;21.27097669;1;11
2017;4;Jujuy;22.74208372;1;11
2017;4;La Pampa;71.04976106;1;11
2017;4;La Rioja;51.56847441;1;11
2017;4;Mendoza;33.32562553;1;11
2017;4;Misiones;31.14218485;1;11
2017;4;Neuquén;61.24232318;1;11
2017;4;Río Negro;49.37562977;1;11
2017;4;Salta;39.79624247;1;11
2017;4;San Juan;30.29992919;1;11
2017;4;San Luis;10.58673107;1;11
2017;4;Santa Cruz;28.91249288;1;11
2017;4;Santa Fe;61.71277122;1;11
2017;4;Santiago Del Estero;29.12638611;1;11
2017;4;Tierra Del Fuego;59.89413596;1;11
2017;4;Tucumán;39.89687352;1;11
2017;3;Buenos Aires;55.6293834;1;8
2017;3;Capital Federal;121.8583259;1;8
2017;3;Catamarca;32.49092568;1;8
2017;3;Chaco;29.97592565;1;8
2017;3;Chubut;46.21537747;1;8
2017;3;Córdoba;62.30700225;1;8
2017;3;Corrientes;32.16543575;1;8
2017;3;Entre Ríos;45.95812167;1;8
2017;3;Formosa;21.35038438;1;8
2017;3;Jujuy;22.645363;1;8
2017;3;La Pampa;69.13993701;1;8
2017;3;La Rioja;51.4652523;1;8
2017;3;Mendoza;35.70493178;1;8
2017;3;Misiones;30.20599093;1;8
2017;3;Neuquén;60.83041311;1;8
2017;3;Río Negro;48.51865894;1;8
2017;3;Salta;39.83970081;1;8
2017;3;San Juan;32.36688936;1;8
2017;3;San Luis;15.47786179;1;8
2017;3;Santa Cruz;33.29182972;1;8
2017;3;Santa Fe;60.90635563;1;8
2017;3;Santiago Del Estero;35.12104488;1;8
2017;3;Tierra Del Fuego;65.74180473;1;8
2017;3;Tucumán;39.69537916;1;8
2017;2;Buenos Aires;56.27214416;1;5
2017;2;Capital Federal;124.0613938;1;5
2017;2;Catamarca;25.97712107;1;5
2017;2;Chaco;29.04552478;1;5
2017;2;Chubut;35.54601118;1;5
2017;2;Córdoba;58.97352891;1;5
2017;2;Corrientes;31.38612137;1;5
2017;2;Entre Ríos;45.38933103;1;5
2017;2;Formosa;19.96507645;1;5
2017;2;Jujuy;22.40341589;1;5
2017;2;La Pampa;63.49352648;1;5
2017;2;La Rioja;16.20344581;1;5
2017;2;Mendoza;31.75860536;1;5
2017;2;Misiones;30.08924803;1;5
2017;2;Neuquén;61.91013428;1;5
2017;2;Río Negro;46.02080512;1;5
2017;2;Salta;32.73942026;1;5
2017;2;San Juan;26.96461612;1;5
2017;2;San Luis;9.513970315;1;5
2017;2;Santa Cruz;26.24861983;1;5
2017;2;Santa Fe;52.26961124;1;5
2017;2;Santiago Del Estero;14.11898807;1;5
2017;2;Tierra Del Fuego;68.46322076;1;5
2017;2;Tucumán;38.18623366;1;5
2017;1;Buenos Aires;58.57400245;1;2
2017;1;Capital Federal;108.3692084;1;2
2017;1;Catamarca;25.65935084;1;2
2017;1;Chaco;28.62166054;1;2
2017;1;Chubut;35.66222024;1;2
2017;1;Córdoba;57.65332959;1;2
2017;1;Corrientes;30.94060011;1;2
2017;1;Entre Ríos;44.90727369;1;2
2017;1;Formosa;19.84248918;1;2
2017;1;Jujuy;22.75698596;1;2
2017;1;La Pampa;62.66928105;1;2
2017;1;La Rioja;16.19552415;1;2
2017;1;Mendoza;31.84301277;1;2
2017;1;Misiones;29.52220236;1;2
2017;1;Neuquén;61.02302007;1;2
2017;1;Río Negro;46.02953874;1;2
2017;1;Salta;32.57548931;1;2
2017;1;San Juan;27.03676099;1;2
2017;1;San Luis;9.545500194;1;2
2017;1;Santa Cruz;26.52499174;1;2
2017;1;Santa Fe;51.97010769;1;2
2017;1;Santiago Del Estero;14.70211949;1;2
2017;1;Tierra Del Fuego;68.91974851;1;2
2017;1;Tucumán;37.90016076;1;2
2016;4;Buenos Aires;61.23658743;1;11
2016;4;Capital Federal;120.6313317;1;11
2016;4;Catamarca;26.54351559;1;11
2016;4;Chaco;28.78665609;1;11
2016;4;Chubut;36.07290546;1;11
2016;4;Córdoba;57.69671915;1;11
2016;4;Corrientes;30.98107038;1;11
2016;4;Entre Ríos;45.20840285;1;11
2016;4;Formosa;19.84823608;1;11
2016;4;Jujuy;22.65138701;1;11
2016;4;La Pampa;63.01618277;1;11
2016;4;La Rioja;16.45531638;1;11
2016;4;Mendoza;32.10735338;1;11
2016;4;Misiones;29.72014981;1;11
2016;4;Neuquén;60.87366723;1;11
2016;4;Río Negro;46.38521035;1;11
2016;4;Salta;32.69411974;1;11
2016;4;San Juan;27.29242145;1;11
2016;4;San Luis;9.640682435;1;11
2016;4;Santa Cruz;27.04676021;1;11
2016;4;Santa Fe;52.19105024;1;11
2016;4;Santiago Del Estero;15.06784751;1;11
2016;4;Tierra Del Fuego;70.30526591;1;11
2016;4;Tucumán;37.9807622;1;11
2016;3;Buenos Aires;60.14329545;1;8
2016;3;Capital Federal;120.7728778;1;8
2016;3;Catamarca;26.48067676;1;8
2016;3;Chaco;28.91074907;1;8
2016;3;Chubut;36.17869443;1;8
2016;3;Córdoba;58.24381626;1;8
2016;3;Corrientes;31.06687883;1;8
2016;3;Entre Ríos;45.43514088;1;8
2016;3;Formosa;18.6397083;1;8
2016;3;Jujuy;22.60515427;1;8
2016;3;La Pampa;61.73178544;1;8
2016;3;La Rioja;17.07455911;1;8
2016;3;Mendoza;32.08835885;1;8
2016;3;Misiones;29.90538578;1;8
2016;3;Neuquén;60.21485089;1;8
2016;3;Río Negro;46.38796536;1;8
2016;3;Salta;32.95583168;1;8
2016;3;San Juan;27.31712714;1;8
2016;3;San Luis;9.630539687;1;8
2016;3;Santa Cruz;26.8352019;1;8
2016;3;Santa Fe;52.67215037;1;8
2016;3;Santiago Del Estero;15.32964658;1;8
2016;3;Tierra Del Fuego;68.94049249;1;8
2016;3;Tucumán;37.89736341;1;8
2016;2;Buenos Aires;59.33852679;1;5
2016;2;Capital Federal;120.039535;1;5
2016;2;Catamarca;26.07418806;1;5
2016;2;Chaco;28.59355056;1;5
2016;2;Chubut;36.12438566;1;5
2016;2;Córdoba;57.54798053;1;5
2016;2;Corrientes;30.58016205;1;5
2016;2;Entre Ríos;44.73887455;1;5
2016;2;Formosa;19.37007066;1;5
2016;2;Jujuy;21.88828104;1;5
2016;2;La Pampa;60.43686026;1;5
2016;2;La Rioja;16.87890261;1;5
2016;2;Mendoza;32.12597179;1;5
2016;2;Misiones;29.23951282;1;5
2016;2;Neuquén;59.09828553;1;5
2016;2;Río Negro;46.24011308;1;5
2016;2;Salta;32.08172603;1;5
2016;2;San Juan;27.34078151;1;5
2016;2;San Luis;9.603733852;1;5
2016;2;Santa Cruz;26.72891173;1;5
2016;2;Santa Fe;52.43647726;1;5
2016;2;Santiago Del Estero;15.88892505;1;5
2016;2;Tierra Del Fuego;67.71824288;1;5
2016;2;Tucumán;37.23568289;1;5
2016;1;Buenos Aires;57.33590782;1;2
2016;1;Capital Federal;115.1600589;1;2
2016;1;Catamarca;25.91021798;1;2
2016;1;Chaco;28.07514645;1;2
2016;1;Chubut;36.09270554;1;2
2016;1;Córdoba;55.28309278;1;2
2016;1;Corrientes;30.080785;1;2
2016;1;Entre Ríos;43.84596814;1;2
2016;1;Formosa;19.04187837;1;2
2016;1;Jujuy;21.41001129;1;2
2016;1;La Pampa;57.84086866;1;2
2016;1;La Rioja;16.83351837;1;2
2016;1;Mendoza;32.12333889;1;2
2016;1;Misiones;28.36765259;1;2
2016;1;Neuquén;55.753937;1;2
2016;1;Río Negro;45.83512639;1;2
2016;1;Salta;31.31554597;1;2
2016;1;San Juan;27.33079411;1;2
2016;1;San Luis;9.586346283;1;2
2016;1;Santa Cruz;26.86586252;1;2
2016;1;Santa Fe;51.27734085;1;2
2016;1;Santiago Del Estero;16.20574921;1;2
2016;1;Tierra Del Fuego;65.83304163;1;2
2016;1;Tucumán;36.72477137;1;2
2015;4;Buenos Aires;58.29182183;1;11
2015;4;Capital Federal;118.1303632;1;11
2015;4;Catamarca;26.23945179;1;11
2015;4;Chaco;28.35056624;1;11
2015;4;Chubut;36.89017828;1;11
2015;4;Córdoba;57.36488177;1;11
2015;4;Corrientes;30.33643145;1;11
2015;4;Entre Ríos;44.10854807;1;11
2015;4;Formosa;19.06549152;1;11
2015;4;Jujuy;21.47147379;1;11
2015;4;La Pampa;58.7563372;1;11
2015;4;La Rioja;17.31577865;1;11
2015;4;Mendoza;32.4889525;1;11
2015;4;Misiones;28.68665889;1;11
2015;4;Neuquén;58.28933777;1;11
2015;4;Río Negro;46.43948111;1;11
2015;4;Salta;31.59349265;1;11
2015;4;San Juan;27.66485394;1;11
2015;4;San Luis;9.705768985;1;11
2015;4;Santa Cruz;27.74476907;1;11
2015;4;Santa Fe;52.60808979;1;11
2015;4;Santiago Del Estero;17.00497804;1;11
2015;4;Tierra Del Fuego;66.46220434;1;11
2015;4;Tucumán;37.06217328;1;11
2015;3;Buenos Aires;57.68868106;1;8
2015;3;Capital Federal;118.2892112;1;8
2015;3;Catamarca;25.86378118;1;8
2015;3;Chaco;27.96307279;1;8
2015;3;Chubut;36.81180991;1;8
2015;3;Córdoba;57.08340379;1;8
2015;3;Corrientes;30.16741241;1;8
2015;3;Entre Ríos;43.67718164;1;8
2015;3;Formosa;18.83675177;1;8
2015;3;Jujuy;21.27033335;1;8
2015;3;La Pampa;57.96395975;1;8
2015;3;La Rioja;17.15112944;1;8
2015;3;Mendoza;32.49199583;1;8
2015;3;Misiones;28.30634509;1;8
2015;3;Neuquén;54.5993149;1;8
2015;3;Río Negro;46.38918666;1;8
2015;3;Salta;31.17594521;1;8
2015;3;San Juan;27.66538566;1;8
2015;3;San Luis;9.706503269;1;8
2015;3;Santa Cruz;27.60606098;1;8
2015;3;Santa Fe;52.14595474;1;8
2015;3;Santiago Del Estero;17.11882253;1;8
2015;3;Tierra Del Fuego;74.85845784;1;8
2015;3;Tucumán;36.61035953;1;8
2015;2;Buenos Aires;56.80280561;1;5
2015;2;Capital Federal;116.0662709;1;5
2015;2;Catamarca;25.45341804;1;5
2015;2;Chaco;27.46453939;1;5
2015;2;Chubut;36.5824672;1;5
2015;2;Córdoba;55.86916351;1;5
2015;2;Corrientes;29.58401267;1;5
2015;2;Entre Ríos;42.93197902;1;5
2015;2;Formosa;18.36026721;1;5
2015;2;Jujuy;20.28721908;1;5
2015;2;La Pampa;56.70766523;1;5
2015;2;La Rioja;16.88319098;1;5
2015;2;Mendoza;32.49199583;1;5
2015;2;Misiones;27.34768245;1;5
2015;2;Neuquén;53.11733659;1;5
2015;2;Río Negro;45.97612013;1;5
2015;2;Salta;30.46112384;1;5
2015;2;San Juan;27.64305342;1;5
2015;2;San Luis;9.707971837;1;5
2015;2;Santa Cruz;27.07224503;1;5
2015;2;Santa Fe;51.17653891;1;5
2015;2;Santiago Del Estero;17.11056663;1;5
2015;2;Tierra Del Fuego;74.50787432;1;5
2015;2;Tucumán;35.68770561;1;5
2015;1;Buenos Aires;56.37048433;1;2
2015;1;Capital Federal;114.8969971;1;2
2015;1;Catamarca;25.10946633;1;2
2015;1;Chaco;26.64959122;1;2
2015;1;Chubut;37.61278069;1;2
2015;1;Córdoba;54.6973465;1;2
2015;1;Corrientes;28.95019128;1;2
2015;1;Entre Ríos;42.06519337;1;2
2015;1;Formosa;18.12270367;1;2
2015;1;Jujuy;19.68971363;1;2
2015;1;La Pampa;55.50803233;1;2
2015;1;La Rioja;16.70320179;1;2
2015;1;Mendoza;32.36588756;1;2
2015;1;Misiones;26.30560411;1;2
2015;1;Neuquén;51.95443674;1;2
2015;1;Río Negro;45.32694907;1;2
2015;1;Salta;30.00978823;1;2
2015;1;San Juan;27.55319276;1;2
2015;1;San Luis;9.716048964;1;2
2015;1;Santa Cruz;27.99486394;1;2
2015;1;Santa Fe;50.24449476;1;2
2015;1;Santiago Del Estero;17.05581699;1;2
2015;1;Tierra Del Fuego;74.2349517;1;2
2015;1;Tucumán;35.07860689;1;2
2014;4;Buenos Aires;56.09433653;1;11
2014;4;Capital Federal;114.8967655;1;11
2014;4;Catamarca;25.51377908;1;11
2014;4;Chaco;21.8707832;1;11
2014;4;Chubut;40.24927468;1;11
2014;4;Córdoba;54.69689679;1;11
2014;4;Corrientes;23.56243099;1;11
2014;4;Entre Ríos;36.02547085;1;11
2014;4;Formosa;17.95631136;1;11
2014;4;Jujuy;19.59941818;1;11
2014;4;La Pampa;51.27313345;1;11
2014;4;La Rioja;17.01075089;1;11
2014;4;Mendoza;32.63838188;1;11
2014;4;Misiones;24.16243061;1;11
2014;4;Neuquén;52.5549897;1;11
2014;4;Río Negro;45.47806275;1;11
2014;4;Salta;29.53486162;1;11
2014;4;San Juan;28.03714571;1;11
2014;4;San Luis;9.786393366;1;11
2014;4;Santa Cruz;27.80267897;1;11
2014;4;Santa Fe;49.99962302;1;11
2014;4;Santiago Del Estero;17.26920158;1;11
2014;4;Tierra Del Fuego;66.13781947;1;11
2014;4;Tucumán;35.32087517;1;11
2014;3;Buenos Aires;56.75473916;1;8
2014;3;Capital Federal;113.8005123;1;8
2014;3;Catamarca;24.70612131;1;8
2014;3;Chaco;21.11266671;1;8
2014;3;Chubut;40.59867094;1;8
2014;3;Córdoba;54.23361028;1;8
2014;3;Corrientes;22.78753504;1;8
2014;3;Entre Ríos;34.98164733;1;8
2014;3;Formosa;17.77131483;1;8
2014;3;Jujuy;18.36853422;1;8
2014;3;La Pampa;55.78120174;1;8
2014;3;La Rioja;16.50671327;1;8
2014;3;Mendoza;32.31317956;1;8
2014;3;Misiones;23.56735695;1;8
2014;3;Neuquén;56.39541103;1;8
2014;3;Río Negro;46.19618716;1;8
2014;3;Salta;29.22268435;1;8
2014;3;San Juan;27.85424448;1;8
2014;3;San Luis;9.71121076;1;8
2014;3;Santa Cruz;28.2319429;1;8
2014;3;Santa Fe;49.19588445;1;8
2014;3;Santiago Del Estero;16.49220391;1;8
2014;3;Tierra Del Fuego;65.68610204;1;8
2014;3;Tucumán;33.94375582;1;8
2014;2;Buenos Aires;55.06141695;1;5
2014;2;Capital Federal;113.1433525;1;5
2014;2;Catamarca;24.70311886;1;5
2014;2;Chaco;20.95799637;1;5
2014;2;Chubut;41.41020982;1;5
2014;2;Córdoba;53.44812612;1;5
2014;2;Corrientes;22.575613;1;5
2014;2;Entre Ríos;34.68743237;1;5
2014;2;Formosa;17.54041175;1;5
2014;2;Jujuy;18.706061;1;5
2014;2;La Pampa;49.70759616;1;5
2014;2;La Rioja;16.50256482;1;5
2014;2;Mendoza;32.09823815;1;5
2014;2;Misiones;23.3677476;1;5
2014;2;Neuquén;50.84274906;1;5
2014;2;Río Negro;45.33491032;1;5
2014;2;Salta;28.914594;1;5
2014;2;San Juan;27.78269782;1;5
2014;2;San Luis;9.7179102;1;5
2014;2;Santa Cruz;29.37700715;1;5
2014;2;Santa Fe;48.39035139;1;5
2014;2;Santiago Del Estero;16.69556735;1;5
2014;2;Tierra Del Fuego;64.35604517;1;5
2014;2;Tucumán;33.94452689;1;5
2014;1;Buenos Aires;54.57007288;1;2
2014;1;Capital Federal;112.2541228;1;2
2014;1;Catamarca;24.25175125;1;2
2014;1;Chaco;20.71853886;1;2
2014;1;Chubut;41.23521808;1;2
2014;1;Córdoba;52.51784754;1;2
2014;1;Corrientes;22.31671671;1;2
2014;1;Entre Ríos;34.36712182;1;2
2014;1;Formosa;17.41845108;1;2
2014;1;Jujuy;18.41535245;1;2
2014;1;La Pampa;48.42532104;1;2
2014;1;La Rioja;16.29410482;1;2
2014;1;Mendoza;31.91312299;1;2
2014;1;Misiones;23.13653865;1;2
2014;1;Neuquén;49.79160519;1;2
2014;1;Río Negro;44.91395713;1;2
2014;1;Salta;28.69955951;1;2
2014;1;San Juan;27.59549302;1;2
2014;1;San Luis;9.347207842;1;2
2014;1;Santa Cruz;28.93909306;1;2
2014;1;Santa Fe;47.84766257;1;2
2014;1;Santiago Del Estero;16.3099235;1;2
2014;1;Tierra Del Fuego;63.96592557;1;2
2014;1;Tucumán;33.42097479;1;2
